0,0
1.6088046859079554,-1.1870971586756411
3.2168515361721006,-2.3752145471375172
4.824101293841352,-3.5644137237910343
6.430516227862313,-4.754737592771733
8.036073378847533,-5.94621835026436
9.640761031519588,-7.13887656568798
11.24456539301076,-8.332710704717698
12.847500886054974,-9.527716087112168
14.44958887191396,-10.72386896077549
16.05084423967878,-11.921115016065272
17.65132700755572,-13.119403467979367
19.251098874330665,-14.31865696484553
20.85020895150612,-15.51876251884292
22.448761591312206,-16.71962488277103
24.046855089148607,-17.921118195958115
25.64456710052187,-19.123080660976996
27.24202988678212,-20.325392669639655
28.839334063967357,-21.527938689182918
30.436513095865593,-22.73060600142054
32.03364351536166,-23.93335953168608
33.630760135087684,-25.13615791160902
35.22784838618031,-26.338942567797773
36.8249564402023,-27.54172574952969
38.42208946732205,-28.744505622804155
40.01920191461127,-29.94725507541588
41.6163304860886,-31.150010444496587
43.213475479395015,-32.35277811343198
44.810589167023494,-33.55552484478363
46.40771139617357,-34.758280761548406
48.004854963666105,-35.961059371502245
49.60196559122119,-37.163837752654985
51.1990857337986,-38.36670180708927
52.796078473404066,-39.569548025904965
54.3931782138871,-40.772498480652104
55.9902062683384,-41.975400018822626
57.587149986079794,-43.17823821412031
59.18426415553827,-44.38120473229037
60.781295378764185,-45.584110748853874
62.37821845359167,-46.786933799452896
63.97534970388469,-47.98991081605621
65.57237259637273,-49.19283836115417
67.16918396205071,-50.395768192480546
68.76602339374489,-51.599134698666404
70.36239650613035,-52.80298334847845
71.95787492004871,-54.00762309760677
73.55251864128118,-55.21384099007582
75.14539183100291,-56.421458483197625
76.73704246456919,-57.631954406110424
78.32523584842431,-58.84532258667653
79.91032735112515,-60.063827793756644
81.49142578482034,-61.28880355503077
83.0657307594139,-62.520116641048276
84.63374787501806,-63.7605013688993
86.19425820247,-65.01167487855773
87.74378250357907,-66.27385741161694
89.2823867909054,-67.55059684737495
90.80791102657759,-68.84419566000878
92.31587182221509,-70.15550909386121
93.80546567516791,-71.48921047287493
95.27288903100694,-72.84829237787878
96.71228291957601,-74.23436050342181
98.1214554475383,-75.65134333883137
99.49775170643622,-77.10300950049472
100.83273450990353,-78.58792469619533
102.12465160790038,-80.11707537325088
103.3608491158949,-81.6890175339139
104.53641176752973,-83.30821963211847
105.6428002408631,-84.97308350772607
106.67482276400611,-86.68622409229198
107.62446734225341,-88.44571103327806
108.483006609341,-90.24942377012593
109.2444403828911,-92.09998375886465
109.90101234409315,-93.9904932769958
110.4436199234031,-95.91011630241556
110.86750051653118,-97.8689400220766
111.16057596440893,-99.84657658023878
111.31516270968763,-101.83427916375805
111.32266694381454,-103.83472382627875
111.17135887922842,-105.82424107648157
110.8583377852141,-107.7985462247656
110.38871372791851,-109.74046043402274
109.76657671175334,-111.63901994937959
108.99557755901719,-113.48514529464674
108.08213872482122,-115.26294310546754
107.03053044151466,-116.96162611879788
105.85059773478213,-118.57525302660906
104.55845656282102,-120.09945186275229
103.17233083495714,-121.53414757237172
101.69339174521,-122.88547908392181
100.13834869735777,-124.13964816435981
98.5078818349588,-125.29914771442446
96.81143532392275,-126.36190993702576
95.0594341817287,-127.32834621011597
93.26080847393155,-128.20385674082803
91.42610991016014,-128.99180801295535
89.55428695984077,-129.6991513142333
87.6574848748811,-130.32764657086182
85.73779471384009,-130.88379441088205
83.79857500303254,-131.37416162521896
81.84696571738178,-131.80404667199002
79.88342501222846,-132.1800308989482
77.9105295514616,-132.50768864001913
75.93230606935782,-132.79195762110595
73.94802166925953,-133.0380688228534
71.95956845140691,-133.25034987454563
69.9692983378329,-133.43271855801032
67.97582721340109,-133.58902703088455
65.98070937609049,-133.72238279751957
63.98544951357701,-133.83601818138823
61.98859525882659,-133.93322489249567
59.99178527305173,-134.01652034922483
57.99327807588119,-134.0869135826705
55.994978277100216,-134.14443935264757
53.99641453617997,-134.1895628381202
51.99676894270482,-134.22265094416804
49.99783431137013,-134.24426824355845
47.99864082585782,-134.2559018285599
45.998647575216154,-134.26025501357424
43.99947946582145,-134.2611181700359
41.999854073173594,-134.26324317645123
40.00033654812833,-134.2717326207686
38.00084735653391,-134.2917557224672
36.00144471243695,-134.3281898839569
34.003467620751394,-134.38532869371886
32.00514462889262,-134.4669266487797
30.008981576949594,-134.57578445944847
28.015016499006776,-134.71483234467598
26.02303129238686,-134.88708609457547
24.034789876650933,-135.09482922371365
22.050382284643405,-135.3400896333344
20.07191645092516,-135.62429589655477
18.099367534087776,-135.94885346555247
16.133132468067345,-136.31510003334398
14.177186541000822,-136.7237257155329
12.229972261368061,-137.17684758238175
10.293065591662014,-137.6764592182135
8.37196643414191,-138.2239261055696
6.464220541480358,-138.82335703776448
4.5740249784551,-139.47756461853925
2.7081652465234924,-140.18849537886683
0.8635281568895152,-140.95919654359045
-0.9546739174085701,-141.7904002733806
-2.740970009202158,-142.68621900775338
-4.49468913456343,-143.65490589597903
-6.201144183377323,-144.6975519282803
-7.858472970483916,-145.8203116403252
-9.453695846355146,-147.02104788804127
-10.9883776632756,-148.30824024059712
-12.44388868078235,-149.67624257386944
-13.814438622829016,-151.12981039332158
-15.091704773317048,-152.67068629540574
-16.263057506028574,-154.2887223144594
-17.323492035310863,-155.98311746155628
-18.261833371493694,-157.74897639268374
-19.066618093353867,-159.57553409041947
-19.73032124000906,-161.4603943686692
-20.238817222449157,-163.38859888448337
-20.584509244076145,-165.35790883251542
-20.763004962144038,-167.3470818495715
-20.781154164127656,-169.34368455264735
-20.63927582252542,-171.34411827424213
-20.340145360460497,-173.31822278556587
-19.8964406358037,-175.27085688009657
-19.32886347301178,-177.18799588575268
-18.654152899952336,-179.07654742342146
-17.883884426811207,-180.92101257328102
-17.021007171984877,-182.7232642720001
-16.073053787079402,-184.48665721368673
-15.05819615683049,-186.203375110006
-13.984642988844058,-187.89025136163963
-12.872050080858742,-189.55133804952357
-11.740557926840609,-191.19550414020546
-10.606749822235514,-192.8414229375021
-9.494822556559143,-194.49946722455815
-8.41687982615474,-196.186344082583
-7.391077906826297,-197.90318882265655
-6.430396126222206,-199.658507273037
-5.548796608506677,-201.4536413999574
-4.757861681883867,-203.28935946966038
-4.066731376226016,-205.16855140640064
-3.4884530544293852,-207.08118943813798
-3.0323406883476594,-209.02539520872716
-2.707975270491744,-211.00124312619715
-2.5275096849438796,-212.99030252896364
-2.4998791946293863,-214.98559209982835
-2.634327362089664,-216.980315513287
-2.9387762267978417,-218.95104663544805
-3.4231784843365745,-220.88986353039996
-4.089624730012986,-222.7739747789539
-4.931357301753309,-224.5846668203892
-5.942246382195492,-226.3144125202228
-7.106633797825424,-227.94002112636463
-8.417112510037754,-229.45318240985569
-9.861763698588419,-230.83656263780665
-11.424716955247476,-232.07835787604773
-13.093497212566916,-233.18218567982382
-14.83839383732203,-234.14574332451366
-16.656248498539725,-234.9805653843494
-18.5227767236333,-235.68207805683005
-20.437992287274824,-236.25424006458616
-22.391974936606744,-236.6977056444917
-24.36442284695252,-237.014577668318
-26.355737491568945,-237.21402751988438
-28.352879098866055,-237.30373468062277
-30.351861213309377,-237.29264550243948
-32.347009116399576,-237.18917535503
-34.33842997959954,-237.00213462626488
-36.31918224873618,-236.74112228935445
-38.29102679103974,-236.41424236808666
-40.25490445998362,-236.02879686454736
-42.20452294414382,-235.5930295361302
-44.1455717657532,-235.11202350409212
-46.07744711552775,-234.59153202973857
-47.998002939578186,-234.03732319450035
-49.911040490316495,-233.4529601027711
-51.81481994488932,-232.84313793673266
-53.713559551986464,-232.21025839203259
-55.603960844612644,-231.55902925039965
-57.487756232515736,-230.89265563939125
-59.369194582616075,-230.21326816592858
-61.24425090875383,-229.52288999137227
-63.11570520393575,-228.820263941341
-64.98370393823191,-228.10565547446885
-66.84611416451934,-227.3800520772615
-68.70436251964686,-226.64300283643178
-70.55865465886816,-225.8945304579973
-72.4078050263077,-225.13521116018018
-74.25261481026885,-224.36483208422675
-76.09300035910368,-223.58355610250328
-77.92855654181224,-222.79159365432582
-79.75957192754856,-221.98852903177135
-81.585167606001,-221.1739258888568
-83.4050022103432,-220.3464508867321
-85.2187977757598,-219.50465570253658
-87.02349651401701,-218.6484557657855
-88.8214996493428,-217.77387694907975
-90.61054679280869,-216.87858698222908
-92.38567311700572,-215.96162971227358
-94.14971258103469,-215.0185847088327
-95.89878956530153,-214.0488835043467
-97.63086325403154,-213.05145017456556
-99.34691706695513,-212.02395472364321
-101.04392949670269,-210.96666348934667
-102.72127391521317,-209.87851405510327
-104.37780887674171,-208.75840485056307
-106.01126569359806,-207.60550482034415
-107.61990284987674,-206.4178787527868
-109.20046504259443,-205.19371316795235
-110.7501295490465,-203.9303179643419
-112.26508000915092,-202.62598790922317
-113.74199243144353,-201.2783371988338
-115.17664657333762,-199.88489126388396
-116.56295079149277,-198.44254019130233
-117.89241157028971,-196.95174554681216
-119.16435482901497,-195.4055966980718
-120.36766385941888,-193.8098410914264
-121.49750766643729,-192.16299679568272
-122.54901598620593,-190.46234152460806
-123.51199952415544,-188.71130051359364
-124.3804118152095,-186.91064957375187
-125.14870991178664,-185.0630739427652
-125.80830655574765,-183.17496680602738
-126.35060576726305,-181.25336161326902
-126.76980929163179,-179.29513363193195
-127.05613469088334,-177.31745065871888
-127.20111699495466,-175.32714346326128
-127.19584083518464,-173.32855539297077
-127.03849293604014,-171.3389224930661
-126.73178750541312,-169.36195417968702
-126.2819358861468,-167.4158801589984
-125.6920283173849,-165.50696444718238
-124.9647905864683,-163.64204862505756
-124.10664770996529,-161.83699645014826
-123.11908181810782,-160.09815816595005
-122.00409170592425,-158.43865925117717
-120.77017209055592,-156.8663743412488
-119.44270847575642,-155.37285106214227
-118.05428596634032,-153.93268176406622
-116.63732272409896,-152.52237327901116
-115.20267993633868,-151.12839527464342
-113.76422792382913,-149.73947433802425
-112.33513180411296,-148.339994240208
-110.93002931917425,-146.9158087430991
-109.56381309490409,-145.4583863046529
-108.24344733048927,-143.9549206629227
-106.9827697288774,-142.40158279790631
-105.79410730447655,-140.7973562122254
-104.6825645098559,-139.13475267070663
-103.66024721417384,-137.41775317610598
-102.73686930223903,-135.64683414087608
-101.91871990100424,-133.82278025091045
-101.20965067689595,-131.95338733203647
-100.61323701441742,-130.0447129484478
-100.13384387036601,-128.10449984495926
-99.77442231423521,-126.13691200162049
-99.53919879600417,-124.1522589598014
-99.43184245795976,-122.15702837092073
-99.45474448391664,-120.15884222540447
-99.60581289719018,-118.16624967308437
-99.88374537408784,-116.18580877029117
-100.28508537066045,-114.22767575310976
-100.79975213904319,-112.29705139440446
-101.41706178868759,-110.39530820072719
-102.13030353582494,-108.52720489949343
-102.9391121002967,-106.7026669714613
-103.84537063740493,-104.9204413610318
-104.8451109624785,-103.18670343827102
-105.92963347526579,-101.51142313022126
-107.10063839263522,-99.88801137133245
-108.34913428435956,-98.32516513072656
-109.66923735954126,-96.82433766075746
-111.05708557170973,-95.38300802174513
-112.50415766393873,-94.00382164583388
-114.00641229598284,-92.68565876102821
-115.56086634447354,-91.4268714188957
-117.16030142431237,-90.22898965427814
-118.80266844568956,-89.08910379544221
-120.48458619912645,-88.00580444786942
-122.19922422822717,-86.98004733865699
-123.94728207552632,-86.00856225174647
-125.72428327033583,-85.09167332327246
-127.52779994187493,-84.2289455083637
-129.35668665773542,-83.41989040373858
-131.20820766370284,-82.66522116499337
-133.0817394023412,-81.96525636209662
-134.97371844749532,-81.32174687032528
-136.88670690637113,-80.73454808281753
-138.81421607692081,-80.2059238348119
-140.75671698040605,-79.73598264872837
-142.7127603421308,-79.3254594658313
-144.68095049442562,-78.975506742047
-146.65925893136162,-78.68697493290102
-148.6452776220404,-78.45984048821262
-150.63819103765556,-78.29398393460602
-152.63399975856052,-78.18970420068302
-154.6326160231042,-78.14746153243561
-156.63268358115533,-78.16862106720313
-158.6286283001853,-78.25503389692724
-160.622379002114,-78.40908694839581
-162.60911008689078,-78.63287542344446
-164.58503009571737,-78.92826310625406
-166.55180396765442,-79.2983113708772
-168.49893110256048,-79.74390711076617
-170.42671099118152,-80.26818524030713
-172.33376005102403,-80.8735739089411
-174.20722186353942,-81.55725678560958
-176.0572896850249,-82.32953069980019
-177.8607617936225,-83.18926385611346
-179.62050261352817,-84.14587155101768
-181.3197694872699,-85.19874994989735
-182.95537960238067,-86.35442563338637
-184.50860807125417,-87.60742822690975
-185.97939087354234,-88.96768527785247
-187.34390986753388,-90.42897320026762
-188.58896867158256,-91.98920399755886
-189.70854437254403,-93.65108564229436
-190.6805017890177,-95.39205495560014
-191.49921515631578,-97.21709344718246
-192.14343269782657,-99.1097868421781
-192.59867346145947,-101.05117322588987
-192.85616252264674,-103.03540260969774
-192.90009176001058,-105.03047559869177
-192.73206749842876,-107.01985144263361
-192.365687560299,-108.9813124156739
-191.81104144616143,-110.89794301621117
-191.10647775467754,-112.77605060002372
-190.32673315221828,-114.61337987988486
-189.54586383184315,-116.45655442404527
-188.81762321058025,-118.31993709525824
-188.16354081743359,-120.21119492582636
-187.61371767092913,-122.13493034911926
-187.1954479043363,-124.0890613894002
-186.92472290475354,-126.07370847930935
-186.82228605903592,-128.06554621899278
-186.90264674536152,-130.06251828317198
-187.17000935821875,-132.04045067370237
-187.63002188554836,-133.98251869824935
-188.2879743488951,-135.8680000396496
-189.14355725390828,-137.66918771514617
-190.19387727396534,-139.37569765232814
-191.41084019092204,-140.95657921554795
-192.7725862994552,-142.42030277806703
-194.2559894196571,-143.76836661032013
-195.83333623197407,-144.9932705169811
-197.50331139295434,-146.09852383524532
-199.24841272748813,-147.07466332929624
-201.0621561993043,-147.92294699298048
-202.92312607602167,-148.6407868183553
-204.8333704641778,-149.23865428086117
-206.77288302764205,-149.7209301126249
-208.7335786472708,-150.09742952548476
-210.7156194260523,-150.37928906983598
-212.70438216966784,-150.57529118562826
-214.69870667456325,-150.6966090855824
-216.69810476067707,-150.75402430167725
-218.6961669095886,-150.75457211599047
-220.69468202347664,-150.70434869797344
-222.69234600604045,-150.6096395212922
-224.68648170039688,-150.4764594417033
-226.67888182161693,-150.31003898501461
-228.66887148764994,-150.11501391831524
-230.65563337346248,-149.8954478646055
-232.6404654892334,-149.65463310056248
-234.6229587686915,-149.39546362488483
-236.60306318612527,-149.12023853240248
-238.58135409657388,-148.83059485211567
-240.55766210220978,-148.527587016457
-242.53185786636766,-148.21176834595207
-244.50415142132152,-147.88345461035703
-246.47439858117372,-147.5431496590906
-248.44232660311644,-147.19112970663264
-250.4083167504491,-146.827366947092
-252.37201139122078,-146.45193293663607
-254.33355565165334,-146.06490002953035
-256.29275006938497,-145.66646070591884
-258.24957340004306,-145.25674760362364
-260.2042506718309,-144.83583229280316
-262.1562992850773,-144.4039337769036
-264.10592073999226,-143.96111606412586
-266.05331540569796,-143.5074329054827
-267.9978913380447,-143.04311997576042
-269.9399829749949,-142.56819271370802
-271.87969723547315,-142.08271289322948
-273.81649651096257,-141.58690352866756
-275.7507372785343,-141.08076076259806
-277.6823980381986,-140.56437220437329
-279.6111459981014,-140.0379098532356
-281.53722548834605,-139.5013903558114
-283.4604897425737,-138.95493099626225
-285.38093932035633,-138.39861012817255
-287.298565014014,-137.8325261409808
-289.2131222518487,-137.2567883479768
-291.1250034566538,-136.67120986800307
-293.0337068874614,-136.07570366017484
-294.938843463848,-135.47009129184283
-296.84122442467583,-134.8537828816386
-298.73978896992367,-134.2267893461884
-300.6342253299259,-133.58895137501872
-302.52578143661844,-132.9397032358077
-304.4130031736818,-132.27968425581196
-306.2961393313115,-131.60930488044198
-308.17638725725294,-130.92891173774723
-310.0530231321168,-130.23953404637098
-311.92662414782194,-129.541955027016
-313.7977775847148,-128.8372018897863
-315.6665667429427,-128.12658857976174
-317.53348936816536,-127.41126653131425
-319.39918215453224,-126.69226888509229
-321.26377871991116,-125.97068666463565
-323.1276406699523,-125.24737476512198
-324.9912316671855,-124.52299046253461
-326.8545832388782,-123.7981911907647
-328.7178972648345,-123.07343205837054
-330.58145964821756,-122.34901186552253
-332.4452151399088,-121.62525007928426
-334.30925589454046,-120.9023258234929
-336.1737404585246,-120.18032140799062
-338.0385792276205,-119.45935426990556
-339.9038036976335,-118.73945098947718
-341.7694853404896,-118.02058595130998
-343.63553715754546,-117.30276360631865
-345.5019603155107,-116.58593238572976
-347.3687611117824,-115.87002059728923
-349.235875970109,-115.15496841397047
-351.10329251938794,-114.44068648141109
-352.97096438092944,-113.72709088532542
-354.83886049076494,-113.014086684017
-356.7069685707561,-112.30157128574967
-358.5751977551274,-111.58947267694921
-360.4435592668101,-110.87768146632081
-362.3120446249528,-110.16613413700563
-364.1805019399296,-109.4548595071642
-366.0490535249738,-108.74378414609717
-367.91789696413355,-108.03275032955489
-369.7864277999464,-107.32187274194627
-371.6551242941989,-106.6109297071335
-373.5239661509414,-105.89990880251523
-375.3924912846413,-105.18897251856188
-377.261153578277,-104.4779553333274
-379.1299594861137,-103.76686523602439
-380.99847429365633,-103.05587499450718
-382.8671227781148,-102.34482430942379
-384.73591378520905,-101.6337167751096
-386.60442859298087,-100.92271774501208
-388.4730683055418,-100.21164543655152
-390.3417871745143,-99.50035333554456
-392.2100427705793,-98.78868330008783
-394.0780259110345,-98.07588013803837
-395.94539138109315,-97.36105154476425
-397.81126229711344,-96.64314747829181
-399.6754443017782,-95.92044587213718
-401.5371713871773,-95.19110112778037
-403.395203083893,-94.4531332775569
-405.24891449456334,-93.70399721742686
-407.0971260733983,-92.94107767992892
-408.9381076524332,-92.16169828452527
-410.7708088413892,-91.3625652136243
-412.59345730038456,-90.54035444888277
-414.40328811483056,-89.69189345885502
-416.199262915162,-88.81306043151278
-417.9784374190656,-87.90026112708009
-419.7364321472445,-86.95077621324216
-421.4726913128823,-85.96297516607308
-423.18829603621936,-84.93305758824957
-424.87274554478597,-83.86153024928592
-426.5305569165546,-82.73851254370601
-428.1501419019727,-81.56523089208812
-429.7302631197536,-80.33783581125593
-431.2650294802343,-79.05655969322444
-432.75155633120124,-77.71886672209357
-434.1842720835761,-76.32322764578424
-435.55558267092863,-74.87066988051362
-436.8642778945465,-73.35685544125388
-438.10357565714605,-71.78627379070477
-439.2656293854297,-70.16366747487288
-440.350179118966,-68.48038990827666
-441.34480214597414,-66.74548301537078
-442.24150254119394,-64.96303036706053
-443.0365322047157,-63.12699064557569
-443.7177520935416,-61.248600240319206
-444.2817987733774,-59.33208483082234
-444.7274714934943,-57.38319648391479
-445.05167908634394,-55.41065490184741
-445.2525671739684,-53.422481812118406
-445.3297431758308,-51.42493152733607
-445.28319256556364,-49.428782305156574
-445.10893463765603,-47.43966189060532
-444.8030023364196,-45.46032459877452
-444.37158079914013,-43.51576135049305
-443.8240605540222,-41.59180167510223
-443.173448813671,-39.69577855574397
-442.4325538433606,-37.84280917690188
-441.5976715587519,-36.02186959943262
-440.67504001894594,-34.24737570064889
-439.6666813244589,-32.51900059635179
-438.57747765450557,-30.843634627965713
-437.408571205583,-29.221576052559953
-436.1645704471422,-27.65635462747707
-434.85131173512013,-26.1501175284194
-433.47279992093473,-24.701338617405014
-432.0360714770075,-23.310981965774403
-430.5471553067892,-21.978211255582437
-429.0091092188358,-20.69941501529229
-427.4290563678466,-19.47445590627777
-425.81145320247794,-18.300899525030843
-424.15829266510514,-17.17483518392251
-422.4756351012282,-16.09540086506638
-420.7661759179571,-15.059702484884724
-419.0313042802906,-14.064459974422562
-417.27682061595715,-13.108214193477153
-415.5029294452752,-12.186354383405671
-413.71386478705944,-11.297141256993626
-411.90741448901065,-10.43843374886157
-410.0868573645775,-9.611202824003414
-408.25292501199976,-8.814017857509867
-406.4065782215574,-8.045650194919602
-404.5491980566028,-7.30520453264495
-402.6804059672462,-6.591293061251861
-400.8035588066158,-5.904109128738355
-398.9162660119233,-5.241862088176248
-397.019876661715,-4.604331162607963
-395.1184292737558,-3.9922573517106628
-393.20649704910807,-3.4034947167717178
-391.28734520585226,-2.8389146839235764
-389.364413549533,-2.299673298046855
-387.4320073710574,-1.7850307671331223
-385.4932014536328,-1.2974979876537418
-383.5486778275647,-0.8376787309991585
-381.59675550384156,-0.40544089514961
-379.6385211725111,-0.002441236110740874
-377.6744323285114,0.3696090279162263
-375.7040968118653,0.7092145507051555
-373.7285776756944,1.014823071673078
-371.7477254092138,1.2854905016054374
-369.76182631901077,1.5206405011030313
-367.7729153817445,1.7200866692550392
-365.78047720495607,1.8847562448582664
-363.78502205510836,2.016279971504133
-361.78838070286406,2.117244496086215
-359.7908198949881,2.1916088225853514
-357.7924491940189,2.2432520399711393
-355.79440134663463,2.2774220388510855
-353.7974062343013,2.303202853504814
-351.7959684001162,2.3312396895461234
-349.79735543361386,2.3717280672495065
-347.79967399769566,2.433364616566891
-345.8003764400599,2.5237840815128294
-343.80519910489477,2.649255992321031
-341.8122054958271,2.8153820662503506
-339.82326174969546,3.026788067790932
-337.840553000111,3.2874070070275394
-335.8646739885852,3.600754835318426
-333.900881446605,3.9692145779026617
-331.9462195659981,4.39644662445798
-330.00697142280717,4.884013770484984
-328.08710967703615,5.434185302110507
-326.18464192520395,6.051334527288191
-324.3061615165077,6.736936839374565
-322.4558437357291,7.491823057225005
-320.63397858619163,8.318388910318461
-318.84696932085456,9.217637319401149
-317.102111999636,10.189726606734865
-315.3995981500444,11.238909685233864
-313.7476779896664,12.365759609630445
-312.1557914312576,13.571429135386964
-310.62758103950546,14.859591693037942
-309.1699535748213,16.22689051266059
-307.78790267752083,17.67104850322626
-306.4865844859178,19.189440069472383
-305.2726414384366,20.77666983502857
-304.1500923075711,22.43015176017539
-303.12437694807056,24.146797085951462
-302.20262025549675,25.91970863621681
-301.3882301860284,27.7442925055623
-300.6845101913302,29.61687552752737
-300.09715139181526,31.527759156944626
-299.6298225570847,33.47086392220909
-299.28579453072155,35.44109000025843
-299.0688343117564,37.42858153282717
-298.98154740941857,39.42578178086143
-299.0258572944931,41.42477569124554
-299.2028795984989,43.41589196984768
-299.5130859148359,45.391305846106874
-299.9563431581182,47.34053646279021
-300.5322542745106,49.25425818809664
-301.24053444162195,51.12428148318037
-302.07887611367624,52.93827446705798
-303.0433512611928,54.68873544270083
-304.125794808363,56.369159160131574
-305.3165203876846,57.97482242858905
-306.60703201233184,59.501593503042486
-307.9903242126596,60.94491521396613
-309.46004541780417,62.3004870378704
-311.0090099466202,63.56369683583543
-312.6320117906135,64.73212195681344
-314.32144449958105,65.80221535555839
-316.06907543232694,66.77098778176693
-317.8711225485727,67.63833068583045
-319.7196465836724,68.40218895598787
-321.6059909203678,69.06094083449176
-323.52645125852496,69.61496855046211
-325.47498277751595,70.06321072982712
-327.44254926365994,70.40231883476724
-329.4291460836081,70.63313221048782
-331.4215827118074,70.7588044265714
-333.42038858067144,70.78241152123698
-335.4204555372087,70.70599581539315
-337.4111787394877,70.53318286011438
-339.3935113354876,70.26876395017848
-341.3626280218091,69.91973445960066
-343.31627987174386,69.49685837311003
-345.25545444041404,69.01779004510118
-347.18794794315875,68.5024816670311
-349.11605146505326,67.97314029113942
-351.04374815757313,67.44988321374807
-352.9809023781363,66.94902025598705
-354.926342068577,66.48720677658781
-356.88255077170635,66.07685781938255
-358.8533994164885,65.72682031437618
-360.83316299264254,65.44569194463752
-362.82426704870284,65.23947790352328
-364.81871714366343,65.11407746687915
-366.81932201516383,65.07306057711656
-368.8206593702414,65.11847788661176
-370.81128522068605,65.25209216524256
-372.7985755107093,65.4771818788827
-374.77162252295017,65.79448440852856
-376.72709400609904,66.2013747123986
-378.664071441103,66.69544546107355
-380.5767190407563,67.27656609187261
-382.46081104430004,67.94471216232256
-384.31206813564654,68.69955150299046
-386.1258278139286,69.54067631653311
-387.8970793410598,70.46734062336674
-389.62174334527305,71.47836845824582
-391.2954962319481,72.57131278191537
-392.91493267989557,73.74351214033001
-394.4782360598045,74.98994270935059
-395.985156781824,76.3037201610048
-397.4368279365465,77.67847537283285
-398.8318811496474,79.11062815501035
-400.16743789114236,80.59826794817027
-401.4407616022455,82.14004743079356
-402.64877441981656,83.73317095722192
-403.7891347449258,85.37461854970944
-404.8612864445491,87.06308401862808
-405.8626420575449,88.79338590922617
-406.7918756646349,90.56250754931423
-407.6485788850069,92.36854698556931
-408.43271819435614,94.20638944837631
-409.1457259744908,96.07454998821979
-409.7871964655056,97.9681881742712
-410.3571574531033,99.88314572544314
-410.856980032683,101.81946853948381
-411.2869832888109,103.77303765732924
-411.6477168806116,105.73804042094106
-411.9415181795592,107.71609313110545
-412.16997126201466,109.7036188638062
-412.33499268815217,111.69499324202155
-412.4394559598754,113.69199687049772
-412.4859035836269,115.69157381420118
-412.4770978653682,117.69061731149799
-412.41567785305676,119.68913698062926
-412.3043113844325,121.6854331108457
-412.1458882283038,123.67799226128766
-411.9432071788472,125.6666860602946
-411.6988405920605,127.65175425571489
-411.4156533819276,129.63006410890435
-411.095777737864,131.60352001434913
-410.7414415968546,133.5721921734292
-410.35539866162014,135.5330468724943
-409.93924790427684,137.48868106109506
-409.4949845516498,139.43889663747814
-409.0249851168045,141.38164451669508
-408.53052753343496,143.31915472654953
-408.01344752198395,145.25082055630742
-407.4754370532676,147.1765081058213
-406.9181577995112,149.09679049180477
-406.34337041489584,151.0115306893223
-405.7522470733956,152.92161296932312
-405.14570265261636,154.8266772949846
-404.5245034818998,156.72702945963664
-403.8896364310965,158.62299691274873
-403.24207821216936,160.51455738396004
-402.58261010715444,162.4019723911423
-401.9118898554781,164.285555767802
-401.2305608512961,166.16523554491562
-400.5390507145595,168.04114164526544
-399.8375864092349,169.91353158259707
-399.1264601246341,171.78213706881692
-398.4057784591786,173.64701388419314
-397.6755305881471,175.5084180888195
-396.9359402408465,177.36591638393276
-396.18693471889776,179.21958397910603
-395.428236932696,181.06962888448592
-394.6598244971467,182.91535191581156
-393.88130979157563,184.75680896223713
-393.0922628685634,186.59414967271613
-392.292833013378,188.42660024306127
-391.4830121724109,190.2545016808755
-390.6631931804835,192.07831624112214
-389.8346110214393,193.89774556529844
-388.99830253776884,195.71368413435582
-388.1555316881029,197.52701069319
-387.3079861952876,199.3376780710157
-386.456762981614,201.14666436433873
-385.6028132441277,202.95480656476389
-384.7473586837341,204.76171813528524
-383.89098395028964,206.5682284912238
-383.0345769095635,208.37452401098122
-382.17827987713304,210.1809832222507
-381.3219207004962,211.9878803387199
-380.4657941040967,213.79425957979345
-379.6094216247227,215.60111508170382
-378.7530412029979,217.40802045392752
-377.8969104545838,219.21436016994505
-377.0402832386299,221.02109249634816
-376.1827363645252,222.8274552003582
-375.3233219010251,224.63220043727722
-374.45929439699665,226.43544341757593
-373.5877012607434,228.23505093452735
-372.7044475313442,230.02811291202505
-371.80305023157837,231.81318939483668
-370.87751825041073,233.58565161204803
-369.92197802670137,235.33959180144916
-368.9293743022145,237.0739789943281
-367.89367021771136,238.7839618492038
-366.8087454107375,240.46003328048786
-365.6633436994658,242.10366401124543
-364.4600812035673,243.6984711291729
-363.19205925593553,245.24421043121978
-361.85615039498947,246.7358333839748
-360.45735145090737,248.1603373884327
-358.98803807452646,249.51869529138932
-357.4525023734671,250.8000055782132
-355.84728909132343,251.99919227453327
-354.1810078399204,253.1018769639281
-352.4462549950254,254.1041997623066
-350.6510858945454,254.99336746913872
-348.814800260192,255.75593225348769
-346.9124763909246,256.3964822260899
-344.98098137081735,256.8926742734481
-343.01909584575617,257.2445647502467
-341.03320723684635,257.4573790981304
-339.0397393958807,257.5343060840652
-337.0386436879686,257.4760393985107
-335.0500020954958,257.2812015020278
-333.0803858070942,256.9493926989542
-331.1321009832845,256.48654786409236
-329.22022708528164,255.90637012038474
-327.3441968856895,255.22004519681263
-325.5023074186979,254.43316009905269
-323.7081328979507,253.5555507480056
-321.9554573176537,252.5886013599241
-320.25119908390343,251.5426843469241
-318.58937014950834,250.42378420538893
-316.97230942210524,249.24773536666993
-315.3934181459265,248.02476994366089
-313.8428116786189,246.76067369044023
-312.32270840416606,245.46555187874415
-310.82549534687575,244.1408431593071
-309.34767759761235,242.79360311793948
-307.8868481199619,241.43023249374647
-306.43801070834866,240.05259863065993
-305.00015142312213,238.66365520824252
-303.5722714345005,237.263743637731
-302.1546119842577,235.853588357219
-300.74591658461475,234.433204922951
-299.34763479528067,233.00493107347802
-297.95782299348144,231.56724918052657
-296.5761818978481,230.12007873943435
-295.2049131713013,228.66697957904415
-293.83958950484487,227.2066168246211
-292.47825312040567,225.7432894279999
-291.1179240122236,224.27904286093286
-289.7556218815057,222.81547515075403
-288.38950689472415,221.35587871232076
-287.0172296144383,219.90179633931697
-285.6375588891709,218.4545080480591
-284.25047051914396,217.01505160369783
-282.85523685555324,215.5829069763045
-281.4520524633076,214.15822453935237
-280.0416871273645,212.74167961995732
-278.62338289851334,211.33237678557452
-277.19735987572506,209.93041708139327
-275.76455851003976,208.53660962466017
-274.3240901962391,207.1499802027675
-272.876148427271,205.7706223092656
-271.42171587035807,204.3993680854689
-269.9598981749063,203.03527366062758
-268.4908804378432,201.67842831224533
-267.0155638311014,200.32956983588633
-265.5331641960444,198.9878766057194
-264.043894636508,197.65340517509537
-262.548543713656,196.3266541314443
-261.0466047666287,195.00687748886935
-259.53839755917284,193.69399117497193
-258.024617025972,192.3881601707984
-256.5050593268262,191.08871300133532
-254.98011182047884,189.79545564281554
-253.45030680643583,188.50829315769383
-251.91566397220404,187.22670558690095
-250.37658577448826,185.9504294743456
-248.83344262614548,184.6791147052494
-247.2865083110288,183.41238476715492
-245.73608746907473,182.15008782563095
-244.1821398242036,180.89194608499693
-242.6250094779112,179.63785662994934
-241.06487032796105,178.38756639369058
-239.50181241153382,177.1407877355547
-237.93611379942837,175.89740352856168
-236.36792022370452,174.65721150052508
-234.79731021206555,173.41997791565026
-233.22450010292562,172.18559801791756
-231.6496089203297,170.95390736039957
-230.0727049990017,169.7247185689839
-228.49395755776646,168.4979394328784
-226.91346368301103,167.27343510582818
-225.33128339938816,166.05105522995726
-223.74754951414468,164.83071881230947
-222.16234157019795,163.61231455829918
-220.57571315959996,162.3957217076881
-218.987768395248,161.1808687075924
-217.3985727876538,159.96766310892656
-215.80817526385022,158.75600817817954
-214.21665679553738,157.54583999724986
-212.62407159898504,156.3370812949231
-211.03046552049494,155.12965519044576
-209.43590041596454,153.92350372227096
-207.84042134189698,152.7185619297218
-206.24407245036267,151.51476963472126
-204.6468994439014,150.31207330445068
-203.0489398955521,149.11041804643025
-201.45023763545305,147.9097577946398
-199.85082491287883,146.710040549262
-198.25073464974997,145.51121997477046
-196.650007981137,144.31326145054044
-195.04866587520246,143.11611932960503
-193.44673713918417,141.9197563032075
-191.8442580814286,140.7241429183068
-190.2412455613295,139.52923841905772
-188.6377243856883,138.33501064814823
-187.03372661314782,137.14143535212588
-185.42926537182728,135.94847679126718
-183.8243618968334,134.75610748230156
-182.2190445327347,133.56430733676657
-180.6133234929565,132.37304497668973
-179.00721701727903,131.18229684815626
-177.40075018782582,129.99204624584252
-175.79393094230028,128.80226558782235
-174.1867749981638,127.61293462736246
-172.57930456416378,126.42403941872303
-170.97152580375405,125.23555569068081
-169.3634523025312,124.04746598951729
-167.75510373116046,122.85975862422386
-166.14648487521353,121.67241221783696
-164.53760751265352,120.48541168317249
-162.928489065251,119.29874717224648
-161.31913325613297,118.1123998447144
-159.7095503261583,116.92635662446534
-158.09975569789154,115.74060916885347
-156.4897522846235,114.555140866748
-154.87954901673362,113.36994035557004
-153.26915953333398,112.18500051968013
-151.65858614128695,111.00030671278579
-150.04783665093908,109.81584903591707
-148.43692310445,108.63162137012537
-146.82584736679175,107.44761080655178
-145.21461628869707,106.2638086993645
-143.6032404765832,105.08020973515494
-141.99172148710204,103.89680254692844
-140.38006534671996,102.71357956441622
-138.7682813654388,101.53053612076586
-137.15637090031004,100.34766222270571
-135.5443392678654,99.16495122549462
-133.93219460210426,97.98239897639371
-132.31993814915307,96.79999671130219
-130.7075746123108,95.61773858406352
-129.09511105369072,94.43562084554323
-127.48254868096706,93.25363583646636
-125.86989166614012,92.07177840164971
-124.25714608958884,90.89004510315473
-122.64431317992214,89.70842927939083
-121.03139664746314,88.52692637465462
-119.41840166911608,87.3455331846582
-117.80532954329213,86.16424395289056
-116.19218357806213,84.98305464498665
-114.5789681150638,83.8019622248781
-112.96568456298719,82.62096176070807
-111.35233587869841,81.44004967227728
-109.7389256283405,80.25922303607888
-108.12545536474406,79.0784776745997
-106.51192773780913,77.89781040356164
-104.89834559092365,76.71721836413785
-103.28471064979414,75.53669807116395
-101.67102529613013,74.35624668520829
-100.05729169749512,73.17586137030447
-98.44351177735197,71.99553927838329
-96.82968768371103,70.81527786941962
-95.21582095051022,69.63507429303598
-93.60191372111748,68.45492628832727
-91.9879679411236,67.27483157347612
-90.37398454930204,66.09478724956507
-88.75996592940442,64.91479159689776
-87.14591385370628,63.73484255354913
-85.53182870151747,62.554937139665455
-83.91771311686963,61.37507413340397
-82.30356872673863,60.195251655879886
-80.68939538493382,59.01546661411993
-79.07519601626598,57.8357182418966
-77.46097213052127,56.656004806428996
-75.84672308932282,55.47632306797392
-74.23245212067332,54.29667267320974
-72.61816064663672,53.11705199677512
-71.00384757043193,51.937457615235914
-69.38951644897456,50.757889543362054
-67.77516864874532,49.57834622105487
-66.16080264994228,48.39882399908102
-64.54642236897328,47.21932321162576
-62.93202915309428,46.039842316174145
-61.31762109797701,44.86037738785116
-59.70320251735153,43.6809290249095
-58.08877478274543,42.501495645361416
-56.47433565035972,41.32207298564222
-54.85988988205301,40.14266183890389
-53.24543893200692,38.96326050699126
-51.630980278258534,37.783864296614226
-50.0165192099567,36.60447409314793
-48.402057357789786,35.42508795866402
-46.78759202427658,34.24570061316946
-45.173129171225426,33.06631284950687
-43.55867078359462,31.88692225524987
-41.944214188828084,30.70752265505223
-40.32976631466218,29.528114378320822
-38.7153298611272,28.348694060819952
-37.10090258864027,27.169254003202383
-35.48649298498576,25.989793322059043
-33.87210518347048,24.810306750089353
-32.2577381744899,23.630783833283587
-30.64340314241676,22.45122105017063
-29.02910698136388,21.271609470681184
-27.414851335099016,20.091933675207528
-25.800652057551005,18.912185056834986
-24.186520997380455,17.732348113006523
-22.57246469124182,16.55239894476979
-20.958506658828043,15.37232021146005
-19.344666809828453,14.19208571513694
-17.73095952545212,13.01165837458015
-16.11741974451016,11.831007699725703
-14.504078896323449,10.650092202093546
-12.890962081932997,9.46885690699925
-11.278118947889453,8.287254651437266
-9.665594615602771,7.10522574407149
-8.053425878799686,5.922695444330785
-6.441677421580067,4.739600562269402
-4.830405985539869,3.5558656538942017
-3.2196562314551045,2.3714016342788398
-1.6095022288414782,1.1861393601521115
